-- Staff inserts
INSERT INTO Staff (staffid, name, phonenumber, buildingid) VALUES (1, 'Anna Patel', '480-754-2824', 501);
INSERT INTO Staff (staffid, name, phonenumber, buildingid) VALUES (2, 'Ethan Rivera', '480-125-5506', 501);
INSERT INTO Staff (staffid, name, phonenumber, buildingid) VALUES (3, 'Maria Johnson', '480-350-4657', 501);
INSERT INTO Staff (staffid, name, phonenumber, buildingid) VALUES (4, 'James Anderson', '480-242-2679', 501);
INSERT INTO Staff (staffid, name, phonenumber, buildingid) VALUES (5, 'Emma Lopez', '480-792-9935', 501);
INSERT INTO Staff (staffid, name, phonenumber, buildingid) VALUES (6, 'Liam Kim', '480-189-7912', 501);
INSERT INTO Staff (staffid, name, phonenumber, buildingid) VALUES (7, 'Aisha Brown', '480-132-1488', 501);
INSERT INTO Staff (staffid, name, phonenumber, buildingid) VALUES (8, 'Mei Chen', '480-195-4582', 501);
INSERT INTO Staff (staffid, name, phonenumber, buildingid) VALUES (9, 'Ines Thomas', '480-338-9279', 501);
INSERT INTO Staff (staffid, name, phonenumber, buildingid) VALUES (10, 'Luis Smith', '480-716-1434', 501);
INSERT INTO Staff (staffid, name, phonenumber, buildingid) VALUES (11, 'Fatima Garcia', '480-674-4257', 501);
INSERT INTO Staff (staffid, name, phonenumber, buildingid) VALUES (12, 'Ahmed Jackson', '480-833-9928', 501);
INSERT INTO Staff (staffid, name, phonenumber, buildingid) VALUES (13, 'Sofia Martinez', '480-529-4611', 501);
INSERT INTO Staff (staffid, name, phonenumber, buildingid) VALUES (14, 'Carlos Nguyen', '480-559-5557', 501);
INSERT INTO Staff (staffid, name, phonenumber, buildingid) VALUES (15, 'Priya Singh', '480-928-1106', 501);
INSERT INTO Staff (staffid, name, phonenumber, buildingid) VALUES (16, 'Noah Davis', '480-877-3615', 501);
INSERT INTO Staff (staffid, name, phonenumber, buildingid) VALUES (17, 'Raj Wilson', '480-814-7924', 501);
INSERT INTO Staff (staffid, name, phonenumber, buildingid) VALUES (18, 'Wei Harris', '480-448-5552', 501);
INSERT INTO Staff (staffid, name, phonenumber, buildingid) VALUES (19, 'Elena Moore', '480-259-4527', 501);
INSERT INTO Staff (staffid, name, phonenumber, buildingid) VALUES (20, 'Kenji Clark', '480-881-6514', 501);
INSERT INTO Staff (staffid, name, phonenumber, buildingid) VALUES (21, 'Hana Lewis', '480-204-2519', 501);
INSERT INTO Staff (staffid, name, phonenumber, buildingid) VALUES (22, 'Tyler White', '480-489-2584', 501);
INSERT INTO Staff (staffid, name, phonenumber, buildingid) VALUES (23, 'Zara Hall', '480-467-6635', 501);
INSERT INTO Staff (staffid, name, phonenumber, buildingid) VALUES (24, 'Omar Young', '480-718-5333', 501);
INSERT INTO Staff (staffid, name, phonenumber, buildingid) VALUES (25, 'Sarah Taylor', '480-926-1711', 501);
INSERT INTO Staff (staffid, name, phonenumber, buildingid) VALUES (26, 'David Hernandez', '480-847-8527', 501);
INSERT INTO Staff (staffid, name, phonenumber, buildingid) VALUES (27, 'Yuki Williams', '480-649-3045', 501);
INSERT INTO Staff (staffid, name, phonenumber, buildingid) VALUES (28, 'Marcus Lee', '480-487-2291', 501);

-- Housekeeper inserts
INSERT INTO Housekeeper (StaffID, MonAvail, TuesAvail, WedAvail, ThursdAvail, FriAvail, SatAvail, SunAvail) VALUES (1, False, False, True, True, True, True, False);
INSERT INTO Housekeeper (StaffID, MonAvail, TuesAvail, WedAvail, ThursdAvail, FriAvail, SatAvail, SunAvail) VALUES (2, True, True, True, False, False, False, False);
INSERT INTO Housekeeper (StaffID, MonAvail, TuesAvail, WedAvail, ThursdAvail, FriAvail, SatAvail, SunAvail) VALUES (3, True, False, False, True, False, True, True);
INSERT INTO Housekeeper (StaffID, MonAvail, TuesAvail, WedAvail, ThursdAvail, FriAvail, SatAvail, SunAvail) VALUES (4, True, True, False, False, False, True, False);
INSERT INTO Housekeeper (StaffID, MonAvail, TuesAvail, WedAvail, ThursdAvail, FriAvail, SatAvail, SunAvail) VALUES (5, True, True, True, False, False, False, True);
INSERT INTO Housekeeper (StaffID, MonAvail, TuesAvail, WedAvail, ThursdAvail, FriAvail, SatAvail, SunAvail) VALUES (6, True, False, True, False, False, False, True);
INSERT INTO Housekeeper (StaffID, MonAvail, TuesAvail, WedAvail, ThursdAvail, FriAvail, SatAvail, SunAvail) VALUES (7, False, True, True, False, False, False, False);
INSERT INTO Housekeeper (StaffID, MonAvail, TuesAvail, WedAvail, ThursdAvail, FriAvail, SatAvail, SunAvail) VALUES (8, True, True, False, True, True, True, True);
INSERT INTO Housekeeper (StaffID, MonAvail, TuesAvail, WedAvail, ThursdAvail, FriAvail, SatAvail, SunAvail) VALUES (9, True, False, True, False, False, False, False);
INSERT INTO Housekeeper (StaffID, MonAvail, TuesAvail, WedAvail, ThursdAvail, FriAvail, SatAvail, SunAvail) VALUES (10, True, True, False, False, True, False, False);
INSERT INTO Housekeeper (StaffID, MonAvail, TuesAvail, WedAvail, ThursdAvail, FriAvail, SatAvail, SunAvail) VALUES (11, True, False, True, False, True, True, False);
INSERT INTO Housekeeper (StaffID, MonAvail, TuesAvail, WedAvail, ThursdAvail, FriAvail, SatAvail, SunAvail) VALUES (12, True, True, False, True, True, False, False);
INSERT INTO Housekeeper (StaffID, MonAvail, TuesAvail, WedAvail, ThursdAvail, FriAvail, SatAvail, SunAvail) VALUES (13, True, True, False, False, True, True, True);
INSERT INTO Housekeeper (StaffID, MonAvail, TuesAvail, WedAvail, ThursdAvail, FriAvail, SatAvail, SunAvail) VALUES (14, True, True, False, True, True, True, False);
INSERT INTO Housekeeper (StaffID, MonAvail, TuesAvail, WedAvail, ThursdAvail, FriAvail, SatAvail, SunAvail) VALUES (15, True, False, False, True, True, False, False);
INSERT INTO Housekeeper (StaffID, MonAvail, TuesAvail, WedAvail, ThursdAvail, FriAvail, SatAvail, SunAvail) VALUES (16, False, False, False, True, True, True, True);
INSERT INTO Housekeeper (StaffID, MonAvail, TuesAvail, WedAvail, ThursdAvail, FriAvail, SatAvail, SunAvail) VALUES (17, False, True, True, True, True, True, True);
INSERT INTO Housekeeper (StaffID, MonAvail, TuesAvail, WedAvail, ThursdAvail, FriAvail, SatAvail, SunAvail) VALUES (18, True, True, True, False, True, True, False);
INSERT INTO Housekeeper (StaffID, MonAvail, TuesAvail, WedAvail, ThursdAvail, FriAvail, SatAvail, SunAvail) VALUES (19, False, True, True, False, True, False, False);
INSERT INTO Housekeeper (StaffID, MonAvail, TuesAvail, WedAvail, ThursdAvail, FriAvail, SatAvail, SunAvail) VALUES (20, True, True, True, False, False, False, False);

-- FrontWorker inserts
INSERT INTO FrontWorker (staffid, username, password) VALUES (21, 'hlewis', '$2b$12$CTP9gyv1plBArp5B1Id9Z8');
INSERT INTO FrontWorker (staffid, username, password) VALUES (22, 'twhite', '$2b$12$50kEnydx9qWCA79ISjs8JH');
INSERT INTO FrontWorker (staffid, username, password) VALUES (23, 'zhall', '$2b$12$UdKF0j7elKPoh3pKMzKG5m');
INSERT INTO FrontWorker (staffid, username, password) VALUES (24, 'oyoung', '$2b$12$SoyPstUeC99enq522wjZRL');
INSERT INTO FrontWorker (staffid, username, password) VALUES (25, 'staylor', '$2b$12$9OaYsP6ihgIqLSmNqE40fA');
INSERT INTO FrontWorker (staffid, username, password) VALUES (26, 'dhernandez', '$2b$12$raVNqTIAae24HZKjht3X13');
INSERT INTO FrontWorker (staffid, username, password) VALUES (27, 'ywilliams', '$2b$12$npgW2zMj518Y2bTu5X1YqW');
INSERT INTO FrontWorker (staffid, username, password) VALUES (28, 'mlee', '$2b$12$g21nYCsXoblu17rNy8H6h8');

-- Total: 28 staff (20 housekeepers, 8 front workers)
